﻿FundCode,Fund Name,Publication,Coverage,Quality Rating,Rating Previous Month,Rating Change to Previous Month,Quality ESG Score,BM Quality Rating,BM Quality Score,Delta Score,WACI,WACI BM,Relative WACI,UN Global Compact Compliance,UN Global Compact Compliance Weight,B,CCC,Positive,Negative,Leaders,Laggards
SSSF,GAM Swiss Small & Mid Cap Equity,Yes,99.5%,AA,AA,No Change,7.75,AA,8.13,-0.4,51.8,37.9,36%,Watch List,0,2.55,,20.2,4.13,49.26,2.55
SSF,GAM Swiss Equity,Yes,99.4%,AAA,AAA,No Change,9.09,AAA,8.88,0.2,150.0,87.1,72%,Watch List,0,1.21,,23.24,2.44,68.9,1.21
JSF,GAM Japan Equity,Yes,98.9%,AAA,AAA,No Change,8.8,AAA,9.57,-0.8,0.4,0.5,-32%,Pass,0,2.82,,40.82,4.23,39.21,2.82
STK,GAM Star Japan Leaders,Yes,98.9%,AA,AA,No Change,8.52,AAA,8.83,-0.3,0.3,0.7,-49%,Pass,0,4.1,,41.12,5.14,36.27,4.1
SSCF,GAM Swiss Sustainable Companies,Yes,98.2%,AA,AA,No Change,7.74,AA,8.13,-0.4,51.8,37.9,36%,Watch List,0,2.55,,20.19,4.16,49.28,2.55
ISEF,GAM Institutional Swiss Equity,Yes,98.2%,AAA,AAA,No Change,8.93,AAA,8.88,0.0,94.0,87.1,8%,Watch List,0,0.47,,15.95,1.16,75.35,0.47
SEUP,GAM Star European Equity,Yes,98.1%,AAA,AAA,No Change,9.27,AAA,8.7,0.6,159.4,103.7,54%,Watch List,0,,,21.18,3.75,81.39,
SCHP,GAM Star China Equity,Yes,97.5%,BBB,BBB,No Change,5.29,BBB,4.5,0.8,45.5,261.9,-83%,Watch List,0,12.72,,20.04,12.17,11.56,12.72
CEFU,GAM China Evolution Equity,Yes,97.5%,BBB,BBB,No Change,5.22,BBB,4.54,0.7,29.6,247.3,-88%,Watch List,0,13.38,,19.74,11.01,10.78,13.38
SCPI,GAM Star Capital Appreciation US Equity,Yes,96.6%,A,AA,Change,6.79,A,6.6,0.2,75.4,114.3,-34%,Watch List,0,1.78,2.87,20.02,9.82,34.06,4.65
LXBI,GAM Luxury Brands Equity,Yes,96.5%,AA,A,Change,7.29,A,6.95,0.3,136.2,161.0,-15%,Watch List,0,0.94,,26.75,22.07,50.84,0.94
LEBI,GAM Local Emerging Bond,Yes,96.2%,BBB,BBB,No Change,5.29,BBB,5.19,0.1,718.5,751.1,-4%,Pass,0,,0,9.89,0,0.37,0
CHIU,GAM Asia Focus Equity,Yes,95.9%,A,A,No Change,5.96,BBB,5.34,0.6,75.9,301.7,-75%,Watch List,0,7.78,,10.12,8.52,30.56,7.78
SAQ,GAM Star Asian Equity,Yes,95.3%,A,A,No Change,6,BBB,5.34,0.7,75.5,301.7,-75%,Watch List,0,7.42,,10.51,9.01,30.85,7.42
EMBI,GAM Emerging Bond,Yes,95.2%,B,B,No Change,2.59,BB,3.44,-0.9,884.7,808.8,9%,Fail,9.23,23.59,7.93,4.43,,,31.52
SCLI,GAM Sustainable Climate Bond,Yes,93.8%,AA,AA,No Change,8.32,,,,2.5,,,Pass,0,,,18.96,12.36,74.88,
SCEP,GAM Star Continental European Equity,Yes,93.6%,AAA,AAA,No Change,9.62,AAA,8.7,0.9,165.1,101.0,64%,Watch List,0,,,25.32,4.15,83.34,
SACEP,GAM Star US All Cap Equity,Yes,92.5%,A,A,No Change,6.3,A,6.6,-0.3,30.5,114.3,-73%,Watch List,0,2.85,3.03,13.87,6.64,34.34,5.88
SWWP,GAM Star Worldwide Equity,Yes,92.3%,A,A,No Change,6.04,AA,7.16,-1.1,26.0,124.6,-79%,Pass,0,2.95,2.99,12.02,6.64,35.85,5.94
SNSI,GAM Sustainable Emerging Equity,Yes,91.3%,AA,AA,No Change,7.99,BBB,5.37,2.6,108.3,335.4,-68%,Watch List,0,,,16.45,6.06,50.47,
SULE,GAM Sustainable Local Emerging Bond,Yes,91.3%,BBB,BBB,No Change,5.35,BBB,5.3,0.0,713.2,728.2,-2%,Pass,0,,,10.54,,0.33,
STYI,GAM Star Disruptive Growth,Yes,89.9%,A,A,No Change,6.06,,,,26.1,,,Pass,0,2.94,2.97,12.14,6.59,35.94,5.91
USIP,GAM Disruptive Growth,Yes,87.9%,A,A,No Change,6.07,AA,7.16,-1.1,34.1,124.6,-73%,Pass,0,3.05,2.57,12.51,6.53,34.78,5.62
IP60,GAM BVG/LPP 60 Plus,Yes,87.0%,AA,AA,No Change,7.7,,,,114.1,,,Fail,0.49,1.03,0.89,18.02,5.73,49.45,1.92
SALEA,GAM Star Alpha Spectrum,Yes,86.8%,A,AA,Change,6.84,,,,120.6,,,Fail,0.37,1.72,1.24,16.36,12.06,42.66,2.97
STOI,GAM Star Tactical Opportunities,Yes,85.4%,A,A,No Change,5.72,,,,255.8,,,Pass,0,,,,,,
SESI,GAM Star Credit Opportunities (GBP),Yes,82.8%,AA,AA,No Change,8.58,AA,7.91,0.7,11.2,81.6,-86%,Pass,0,,,16.06,5.19,85,
SECI,GAM Star Credit Opportunities (EUR),Yes,82.6%,AA,AA,No Change,8.04,AA,7.57,0.5,26.1,118.0,-78%,Pass,0,,,13.33,10.43,81.43,
SCGI,GAM Star Composite Global Equity,Yes,81.6%,A,AA,Change,6.92,A,6.95,0.0,107.6,161.0,-33%,Fail,0.21,2.41,1.77,19.42,13.05,45,4.18
EMOI,GAM Emerging Markets Opportunities Bond,Yes,80.8%,BB,BB,No Change,3.6,BB,4.29,-0.7,818.0,777.6,5%,Fail,4.44,15.42,4.45,6.85,0.4,,19.87
IB25,GAM Institutional BVG/LPP 25 Fund,Yes,80.6%,AA,AA,No Change,7.62,,,,115.8,,,Fail,0.41,0.3,0.13,14.82,7.2,56.87,0.44
IP40,GAM BVG/LPP 40 Plus,Yes,80.3%,AA,AA,No Change,7.53,,,,129.4,,,Fail,0.4,0.73,0.65,15.46,5.05,47.51,1.39
JBMEE,GAM Emerging Markets Equity,Yes,79.6%,A,A,No Change,6.16,BBB,5.37,0.8,132.2,335.4,-61%,Watch List,0,4,1.31,16.69,9.97,24.86,5.32
IB40,GAM Institutional BVG/LPP 40 Fund,Yes,79.3%,AA,AA,No Change,7.35,,,,165.5,,,Fail,0.2,0.8,0.57,15.33,7.56,50.36,1.37
SUCI,GAM Star Credit Opportunities (USD),Yes,77.7%,AA,AA,No Change,8.43,AA,7.44,1.0,8.1,177.1,-95%,Pass,0,,,15.82,9.19,87.62,
IP25,GAM BVG/LPP 25 Plus,Yes,76.1%,AA,AA,No Change,7.28,,,,166.9,,,Fail,0.26,0.49,0.4,12.87,5.17,44.93,0.89
SITI,GAM Star Interest Trend,Yes,74.8%,AA,AA,No Change,8.12,AA,7.44,0.7,6.3,177.1,-96%,Pass,0,,,9.83,7.15,89.53,
MUSA,GAM Multi Asset Strategic Allocation,Yes,74.5%,A,A,No Change,6.34,,,,180.1,,,Fail,2.33,2.53,1.79,8.89,6.77,33.67,4.32
SCAI,GAM Star Flexible Global Portfolio,Yes,69.0%,A,A,No Change,6.69,,,,145.0,,,Fail,0.49,1.7,0.8,12.58,8.58,38.47,2.5
IBFF,GAM Institutional BVG/LPP Flexible Fund,Yes,63.1%,AA,AA,No Change,7.44,,,,128.6,,,Fail,0.24,1.07,0.59,15.51,5.17,48.88,1.66
SEMI,GAM Star Global Dynamic Growth,Yes,59.5%,AA,AA,No Change,7.16,,,,115.7,,,Fail,0.29,2.43,1.66,23.46,10.1,43.59,4.09
SGMI,GAM Star Global Growth,Yes,57.2%,AA,AA,No Change,7.13,,,,126.6,,,Fail,0.26,2.02,1.48,21.52,9,42.86,3.5
SBMI,GAM Star Global Balanced,Yes,51.4%,A,AA,Change,7.07,,,,128.6,,,Fail,0.22,1.81,1.41,20.39,8.35,42.47,3.23
SCMI,GAM Star Global Cautious,Yes,45.9%,AA,AA,No Change,7.11,,,,130.2,,,Fail,0.14,1.23,1.3,18.93,7.7,44.26,2.52
SDMI,GAM Star Global Defensive,Yes,40.7%,A,A,No Change,7,,,,148.9,,,Fail,0.13,1.29,0.77,16.85,5.95,41.04,2.05
